{"cameraMode":{"drawMode":0,"name":"Shaded","section":"Shading Mode"},"sceneLighting":true,"audioPlay":false,"sceneViewState":{"showFog":true,"showMaterialUpdate":true,"showSkybox":true,"showFlares":true,"showImageEffects":true,"showParticleSystems":true},"in2DMode":false,"pivot":{"x":-0.6609746217727661,"y":1.344618797302246,"z":2.527254104614258},"rotation":{"x":-0.19407859444618226,"y":-0.11974044144153595,"z":0.02387513592839241,"w":-0.9733589291572571},"size":8.220890045166016,"orthographic":false}