{"cameraMode":{"drawMode":0,"name":"Shaded","section":"Shading Mode"},"sceneLighting":false,"audioPlay":false,"sceneViewState":{"showFog":true,"showMaterialUpdate":false,"showSkybox":false,"showFlares":true,"showImageEffects":true,"showParticleSystems":true},"in2DMode":false,"pivot":{"x":1.287580966949463,"y":0.3351142406463623,"z":-2.2361087799072267},"rotation":{"x":0.0014825472608208657,"y":-0.8693526387214661,"z":0.0026080741081386806,"w":0.49418383836746218},"size":2.4030747413635256,"orthographic":false}