{"cameraMode":{"drawMode":0,"name":"Shaded","section":"Shading Mode"},"sceneLighting":false,"audioPlay":false,"sceneViewState":{"showFog":true,"showMaterialUpdate":false,"showSkybox":false,"showFlares":true,"showImageEffects":true,"showParticleSystems":true},"in2DMode":false,"pivot":{"x":10.000103950500489,"y":2.5487256050109865,"z":-5.91633939743042},"rotation":{"x":0.011390595696866513,"y":0.7233586311340332,"z":-0.011936502531170845,"w":0.6902761459350586},"size":4.552534103393555,"orthographic":false}