{"cameraMode":{"drawMode":0,"name":"Shaded","section":"Shading Mode"},"sceneLighting":false,"audioPlay":false,"sceneViewState":{"showFog":true,"showMaterialUpdate":false,"showSkybox":false,"showFlares":true,"showImageEffects":true,"showParticleSystems":true},"in2DMode":false,"pivot":{"x":1.059999942779541,"y":1.4900000095367432,"z":2.6489999294281008},"rotation":{"x":0.1412384957075119,"y":-0.050465550273656848,"z":0.007209414150565863,"w":0.9886624217033386},"size":1.0026042461395264,"orthographic":false}