{"cameraMode":{"drawMode":0,"name":"Shaded","section":"Shading Mode"},"sceneLighting":false,"audioPlay":false,"sceneViewState":{"showFog":true,"showMaterialUpdate":false,"showSkybox":false,"showFlares":true,"showImageEffects":true,"showParticleSystems":true},"in2DMode":false,"pivot":{"x":7.517287731170654,"y":1.309999942779541,"z":6.104000091552734},"rotation":{"x":-0.01693296805024147,"y":-0.3389867842197418,"z":-0.006102418527007103,"w":0.9406188130378723},"size":0.811639666557312,"orthographic":false}