{"cameraMode":{"drawMode":0,"name":"Shaded","section":"Shading Mode"},"sceneLighting":true,"audioPlay":false,"sceneViewState":{"showFog":true,"showMaterialUpdate":true,"showSkybox":true,"showFlares":true,"showImageEffects":true,"showParticleSystems":true},"in2DMode":false,"pivot":{"x":6.152400016784668,"y":5.178902626037598,"z":-10.889683723449707},"rotation":{"x":0.13649338483810426,"y":-0.18897101283073426,"z":0.026534143835306169,"w":0.9720947742462158},"size":9.330081939697266,"orthographic":false}