{"cameraMode":{"drawMode":0,"name":"Shaded","section":"Shading Mode"},"sceneLighting":false,"audioPlay":false,"sceneViewState":{"showFog":true,"showMaterialUpdate":false,"showSkybox":false,"showFlares":true,"showImageEffects":true,"showParticleSystems":true},"in2DMode":false,"pivot":{"x":0.4959999918937683,"y":1.7589999437332154,"z":2.2009999752044679},"rotation":{"x":0.03706519678235054,"y":-0.15022066235542298,"z":0.005635895300656557,"w":0.9879423975944519},"size":0.862007737159729,"orthographic":false}